{
  "prosody": {
    "mean_f0": 114.63373132056799,
    "std_f0": 31.05928466296394,
    "mean_energy": 52.997669887010325,
    "std_energy": 33.493292616286794,
    "duration": 74.41065759637188
  },
  "style": {
    "length_scale": 1.1,
    "noise_scale": 0.6,
    "noise_w": 0.7
  }
}